date,demand,order_cost,holding_cost
1/1/2020,12758,117.16,4325299.14
1/2/2020,14079,67.21,4210077.07
1/3/2020,21235,116.97,3095638.01
1/4/2020,15282,143.04,2609336.99
1/5/2020,15517,135.1,2781407.74
1/6/2020,21860,128.11,4139840.23
1/7/2020,16844,118.58,3290212.4
1/8/2020,9940,109.14,2581256.76
1/9/2020,12253,90.33,3372154.15
1/10/2020,13217,62.83,4314345.1
1/11/2020,19896,132.02,3968436.5
1/12/2020,16439,121.67,2945804.56
1/13/2020,16603,128.83,2668873.33
1/14/2020,15443,51.83,2942928.5
1/15/2020,12777,67.45,3535359.25
1/16/2020,22148,109.86,4107602.44
1/17/2020,16991,58.06,2602134.32
1/18/2020,7134,120.73,4172954.67
1/19/2020,17805,106.37,3513167.37
1/20/2020,13109,78.28,3921631.97
1/21/2020,10729,89.21,2646052.87
1/22/2020,14128,117.27,3035278.23
1/23/2020,10896,66.22,3177862.88
1/24/2020,12084,60.85,4182215.38
1/25/2020,12500,103.34,4175198.37
1/26/2020,8253,60.32,3831033.59
1/27/2020,18351,59.34,4362005.41
1/28/2020,15613,113.99,3132196.28
1/29/2020,10447,106.4,4168103.82
1/30/2020,20015,80.55,3481562.97
1/31/2020,16706,76.6,3034857.83
2/1/2020,13820,113.25,4125490.61
2/2/2020,18581,133.08,4305943.56
2/3/2020,18513,55.14,4102523.91
2/4/2020,18286,149.23,3136219.26
2/5/2020,17755,52.21,3163050.95
2/6/2020,17216,67.98,4304933.66
2/7/2020,14752,82.87,3772922.81
2/8/2020,13776,135.49,4076711.83
2/9/2020,13478,68.44,3255236.37
2/10/2020,12221,129.54,4267617.48
2/11/2020,14168,135.89,2952653.79
2/12/2020,9938,97.2,3957124.46
2/13/2020,23676,114.82,2948033.81
2/14/2020,19832,82.5,2565201.17
2/15/2020,10508,96.61,2723576.43
2/16/2020,13388,144.24,3612750.36
2/17/2020,13133,74.55,4104944.94
2/18/2020,18120,52.25,2628458.46
2/19/2020,14667,146.71,2753716.14
2/20/2020,16013,76,4391698.43
2/21/2020,14886,115.41,3187793.99
2/22/2020,14829,57.54,3879294.72
2/23/2020,20474,146.92,3124514.25
2/24/2020,14097,141.85,3284352.21
2/25/2020,21066,136.82,3575533.12
2/26/2020,8805,92.44,3517370.02
2/27/2020,17338,128.1,3362869.37
2/28/2020,15495,79.99,3163044.92
2/29/2020,15864,78.95,2554205.66
3/1/2020,16519,149.93,4406981.09
3/2/2020,12991,148.7,4395769.84
3/3/2020,13667,98,2811214.05
3/4/2020,10926,126.23,3381239.24
3/5/2020,10713,82.86,4304222.87
3/6/2020,16214,73.62,4161541.23
3/7/2020,16793,111.79,4272932.02
3/8/2020,15212,84.04,2823628.88
3/9/2020,18689,55.84,4456469.75
3/10/2020,23200,148.19,2797969.24
3/11/2020,13036,118.8,4034489.22
3/12/2020,5763,136.22,3616517.11
3/13/2020,19023,96.17,3208909.44
3/14/2020,12163,62.6,3226090.82
3/15/2020,12248,118.03,2859667.71
3/16/2020,19102,51.99,4365838.32
3/17/2020,13861,66.3,3577258.94
3/18/2020,10117,139.58,3704737.99
3/19/2020,15725,65.32,3667905.79
3/20/2020,14444,75.86,3229109.55
3/21/2020,15023,74.4,2797743.85
3/22/2020,16541,81.19,3700680.39
3/23/2020,13517,72.12,2586731.55
3/24/2020,17578,53.05,2701316.23
3/25/2020,14118,140.3,2821634.63
3/26/2020,16327,145.94,2820659.48
3/27/2020,19387,144.28,3590690.3
3/28/2020,16741,95.33,4360792.67
3/29/2020,13696,93.77,2676113.66
3/30/2020,19595,55.02,3830050.79
3/31/2020,18974,85.98,4113477.02
4/1/2020,17194,139.66,2860539.51
4/2/2020,15955,87.11,3468702.4
4/3/2020,12488,100.33,4073476.23
4/4/2020,20443,102.76,3316001.72
4/5/2020,12599,67.03,3341848.69
4/6/2020,23749,103.86,3740316.25
4/7/2020,21130,61.05,3463202.84
4/8/2020,14057,111.41,3105574.9
4/9/2020,10894,104.5,3403494.93
4/10/2020,12158,72.76,4408845.96
4/11/2020,16028,140.15,4100140.13
4/12/2020,14013,69.85,2896905.87
4/13/2020,13610,92.18,2755996.05
4/14/2020,11194,138.44,3239949.42
4/15/2020,14820,73.82,4289986.35
4/16/2020,11860,79.16,3729332.58
4/17/2020,8328,137.64,3014219.29
4/18/2020,13479,111.91,4104588.97
4/19/2020,18676,135.73,3407462.74
4/20/2020,12699,97.73,2803140.47
4/21/2020,17432,139.42,3849059.86
4/22/2020,8528,66.91,4344008.3
4/23/2020,14778,112.11,3830601.37
4/24/2020,17078,122.28,3654710.99
4/25/2020,16205,69.02,3041666
4/26/2020,15423,106.87,3920735.48
4/27/2020,12437,117.15,2824134.99
4/28/2020,11601,141.92,2646073.62
4/29/2020,10903,82.56,3475907.25
4/30/2020,15471,104.68,3482590.51
5/1/2020,11210,50.5,4448747.8
5/2/2020,13038,87.01,2766226.98
5/3/2020,13976,113.76,3638867.36
5/4/2020,22375,110.96,4063304.89
5/5/2020,12392,131.83,4185172.54
5/6/2020,15942,61.79,3500811.21
5/7/2020,15312,116.34,2989661.57
5/8/2020,11153,70.16,3458805.11
5/9/2020,14715,108.69,4415844.24
5/10/2020,20778,119.51,3863778.02
5/11/2020,16806,102.83,2591147.46
5/12/2020,15165,86.95,4318044.83
5/13/2020,13310,119.85,3902470.13
5/14/2020,6787,97.37,3483370.23
5/15/2020,19525,73.08,3495360.5
5/16/2020,9157,95.41,3395050.5
5/17/2020,17960,57.92,3702774.46
5/18/2020,22636,75.77,3139937.63
5/19/2020,9224,105.41,3717844.7
5/20/2020,17807,52.18,2888547.64
5/21/2020,13951,71.11,3660813
5/22/2020,8711,113.64,4209175.44
5/23/2020,8941,121.7,3881648.37
5/24/2020,8594,127.69,4177700.69
5/25/2020,12876,57.32,2815491.43
5/26/2020,9153,59.87,3550817.51
5/27/2020,17752,144.64,3952024.35
5/28/2020,23400,143.09,2825241.02
5/29/2020,9852,142.15,4353655.78
5/30/2020,18151,114.99,2839825.96
5/31/2020,18076,65.64,3634058.07
6/1/2020,16329,141.01,3624491.54
6/2/2020,10966,142.21,3601675.76
6/3/2020,14522,66.92,3349502.84
6/4/2020,13878,57.34,3841312.48
6/5/2020,17252,106.62,2841457.75
6/6/2020,13510,86.54,2740788.83
6/7/2020,18908,96.02,3042697.46
6/8/2020,13502,96.47,3465252.67
6/9/2020,19211,127.89,4266135.36
6/10/2020,10803,132.37,4358423.81
6/11/2020,9959,78.24,3748861.1
6/12/2020,27964,123,3793454.57
6/13/2020,13333,99.6,3324783.11
6/14/2020,16193,56.63,3545678.04
6/15/2020,17546,53.76,2705269.64
6/16/2020,13065,73.76,3727323.34
6/17/2020,17067,71.84,3118799.63
6/18/2020,16476,92.24,3759860.88
6/19/2020,14138,104.98,3249994.4
6/20/2020,15261,121.37,3038364.17
6/21/2020,14864,74,3343021.08
6/22/2020,23514,139.57,3235001.27
6/23/2020,12035,98.26,4204067.69
6/24/2020,10616,76.28,3667588.49
6/25/2020,15151,81.99,3829227.24
6/26/2020,16242,116.43,2757429.48
6/27/2020,16746,122.81,4337341.26
6/28/2020,13167,107.14,3630178.18
6/29/2020,10747,137.87,2926992.93
6/30/2020,20053,90.92,3741277.25
7/1/2020,13601,70.54,4098451.47
7/2/2020,11538,97.08,2711299.67
7/3/2020,14055,87.94,4378905.83
7/4/2020,14211,74.76,3388832
7/5/2020,19440,142.5,4215060.08
7/6/2020,15339,96.62,3564128.99
7/7/2020,18016,51.39,3259768.48
7/8/2020,13003,144.32,2615657.29
7/9/2020,15858,87.45,2811593.04
7/10/2020,13701,50.8,3477442.55
7/11/2020,15378,148.05,4075779.41
7/12/2020,11419,87.75,2609304.82
7/13/2020,9757,148.59,4304272.05
7/14/2020,22989,63.96,4311142.24
7/15/2020,17403,106.22,2794032.3
7/16/2020,9995,129.44,3856666.35
7/17/2020,12555,69.39,2840348.75
7/18/2020,10258,121.07,3413649.54
7/19/2020,23795,106.57,4128117.84
7/20/2020,20250,51.01,4097355.54
7/21/2020,13939,75.7,2930765.42
7/22/2020,17173,97.1,3220967.28
7/23/2020,13343,142.69,2866837.13
7/24/2020,13095,149.53,3763370.4
7/25/2020,11846,71,2665862.52
7/26/2020,12622,104.52,2560187.56
7/27/2020,21604,114.54,4330476.75
7/28/2020,14784,140.11,4443991.2
7/29/2020,15477,123.23,3173174.45
7/30/2020,15975,110.97,4038607.77
7/31/2020,19930,72.44,3503271.11
8/1/2020,12936,141.62,4331639.95
8/2/2020,11030,130.28,3911437.32
8/3/2020,21703,81.24,3663444.38
8/4/2020,13235,72.73,2620901.22
8/5/2020,12108,115.76,4199161.52
8/6/2020,10055,123.57,3246493.14
8/7/2020,9861,96.51,2705570.51
8/8/2020,12704,136.36,3355952.44
8/9/2020,17472,117.5,3412453.99
8/10/2020,19439,66.15,4188943.16
8/11/2020,17830,51.21,2784599.3
8/12/2020,13545,136.61,3104272.98
8/13/2020,15239,60.07,4335159.67
8/14/2020,12182,81.22,4299240.34
8/15/2020,12131,93.45,4231781.47
8/16/2020,18539,111.58,4373545.9
8/17/2020,10938,83.92,3663718.87
8/18/2020,22821,108,3088537.3
8/19/2020,14639,132.97,3912131.37
8/20/2020,15858,83.46,4188732.33
8/21/2020,12046,88.2,4450884.81
8/22/2020,12702,110.57,2599291.38
8/23/2020,9732,99.57,3715068.86
8/24/2020,14268,60.93,3975441.79
8/25/2020,16676,134.59,3467330.51
8/26/2020,16297,94.59,2666146.54
8/27/2020,11874,125.04,4027320.97
8/28/2020,11846,129.55,2969184.25
8/29/2020,12991,89.07,3879403.14
8/30/2020,20984,51.48,4117541.82
8/31/2020,10451,124.34,4275406.76
9/1/2020,14284,56.84,2666137.11
9/2/2020,22609,103.2,4198645.54
9/3/2020,14596,62.26,2981751.4
9/4/2020,9561,117.58,2740903.5
9/5/2020,12341,55.6,4285377.44
9/6/2020,16942,129.8,4225134.98
9/7/2020,13498,116.26,3325570.13
9/8/2020,12752,74.42,4037714.57
9/9/2020,13624,66.04,2924856.3
9/10/2020,15362,55.8,3394112.91
9/11/2020,21394,51.52,3437539.86
9/12/2020,14646,133.34,3297416.66
9/13/2020,19323,76.19,4023015.65
9/14/2020,17523,55.54,4347128.04
9/15/2020,14545,84.8,3172666.77
9/16/2020,8868,108.02,3484067.24
9/17/2020,12916,130.42,4368691.11
9/18/2020,13041,84.03,3262212.64
9/19/2020,15189,63.49,2560817.08
9/20/2020,20201,127.36,3884849.01
9/21/2020,24172,137.72,2911224.67
9/22/2020,21190,148.8,2856343.57
9/23/2020,14467,115.48,4317310.9
9/24/2020,7974,75.4,4452252.46
9/25/2020,13445,114.15,2837607.98
9/26/2020,15357,95.06,4176479.73
9/27/2020,18380,69.7,3437217.07
9/28/2020,18850,110.62,3616918.89
9/29/2020,17737,147.46,4253911.46
9/30/2020,9419,69.92,3670923.56
10/1/2020,18399,93.48,2929600.07
10/2/2020,13214,83.95,3162626.22
10/3/2020,15699,53.4,3994555.18
10/4/2020,15298,59.92,2570655.74
10/5/2020,16713,91.92,4204347.03
10/6/2020,15099,54.73,2664045.18
10/7/2020,8330,52.65,3525744.69
10/8/2020,17946,67.35,3364519.64
10/9/2020,16544,87.81,4278440.42
10/10/2020,13937,108.83,3652348.16
10/11/2020,15473,83.64,3586703.64
10/12/2020,15536,99.45,4001766.7
10/13/2020,15884,125.23,2942674.96
10/14/2020,21563,66.91,3360367.69
10/15/2020,14124,134.36,4237313.05
10/16/2020,15672,82.03,3992947.61
10/17/2020,19674,73.39,2745441.74
10/18/2020,19217,81,3965008.5
10/19/2020,19581,128.99,2713091.83
10/20/2020,12690,75.45,3077998.38
10/21/2020,23010,142.28,4249788.9
10/22/2020,15267,64.84,2575334.22
10/23/2020,22467,71.65,2624002.23
10/24/2020,9596,112.61,4281173.71
10/25/2020,15084,75.71,2949337.72
10/26/2020,20000,120.72,4261577.71
10/27/2020,12139,124.24,3381131.84
10/28/2020,11989,76.24,3825944.57
10/29/2020,11246,107.26,4067832.33
10/30/2020,10790,141.56,3044768.62
10/31/2020,13251,120.84,3279968.59
11/1/2020,16325,134.44,3200913.73
11/2/2020,6943,141.99,4461347.74
11/3/2020,15848,79.46,3605067.96
11/4/2020,19947,115.07,3857007.72
11/5/2020,23150,64.18,3253757.7
11/6/2020,20205,135.35,3326157.87
11/7/2020,18027,116.6,4305252.31
11/8/2020,8093,123.33,3255105.38
11/9/2020,12594,81.47,3524374.55
11/10/2020,13592,116.77,3790164.95
11/11/2020,17814,96.39,3189306.7
11/12/2020,14577,115.03,4418049.25
11/13/2020,9965,128.58,2698573.75
11/14/2020,21738,140.17,4423610.15
11/15/2020,18646,102.74,3245963.15
11/16/2020,15950,65.81,4298770.76
11/17/2020,19872,76.96,2595628.82
11/18/2020,9645,63.45,4141546.84
11/19/2020,17643,73.76,4101578.59
11/20/2020,12908,122.31,2746894.45
11/21/2020,17735,112.71,2975276.12
11/22/2020,14757,95.24,3655853.61
11/23/2020,17532,113.43,4224173.87
11/24/2020,20342,102.95,2976598.62
11/25/2020,15029,83.01,3339284.91
11/26/2020,19070,127.07,4354890.29
11/27/2020,10246,113.5,2800433.08
11/28/2020,12114,127.44,4137524.72
11/29/2020,21077,67.88,3840505.87
11/30/2020,16510,89.64,2809248.12
12/1/2020,6791,146.27,3034536.59
12/2/2020,9544,87.73,4051174.79
12/3/2020,14197,57.76,3697153.69
12/4/2020,18463,102.93,4318498.74
12/5/2020,14592,144.97,3075783.28
12/6/2020,17497,135.61,2634722.31
12/7/2020,18836,104.94,4183954.54
12/8/2020,21684,116.5,3071435.94
12/9/2020,15224,100.04,3600667.77
12/10/2020,14792,142.41,4384074.33
12/11/2020,7987,59.19,3319769.66
12/12/2020,15397,99.7,4349965.39
12/13/2020,12713,128.22,2812859.4
12/14/2020,11104,136.98,4126552.07
12/15/2020,14280,140.16,3695554.11
12/16/2020,19060,131.14,2993427.06
12/17/2020,7029,65.37,2743918.69
12/18/2020,13291,122.98,3567465.98
12/19/2020,15467,125.95,3701743.77
12/20/2020,11427,116.08,3718164.76
12/21/2020,16336,140.8,3900061.71
12/22/2020,16646,88.98,3169425.52
12/23/2020,14868,145.7,3134744.45
12/24/2020,5136,95.66,3688241.33
12/25/2020,25286,69.5,3114813.19
12/26/2020,14179,109.07,4252820.79
12/27/2020,17605,65.54,3641296.93
12/28/2020,16095,101.95,3067227.29
12/29/2020,19099,91.28,2619735.48
12/30/2020,18271,132.72,3049431.61
12/31/2020,14161,106.31,4426997.92
1/1/2021,16513,95.65,3102236.25
1/2/2021,11218,69.23,2937819.62
1/3/2021,18428,97.19,3974302.85
1/4/2021,13156,73.25,3835336.23
1/5/2021,24667,81.41,4033173.63
1/6/2021,8396,136.69,3299447.13
1/7/2021,13144,94.5,4215663.75
1/8/2021,18302,93.39,2782591.72
1/9/2021,17041,97.26,3471693.75
1/10/2021,12642,133.34,3012647.52
1/11/2021,11013,51.03,3991304.82
1/12/2021,15578,80.91,3607991.05
1/13/2021,14943,58.62,4210361.53
1/14/2021,7839,132.3,4428158.24
1/15/2021,15138,97.11,3616048.04
1/16/2021,15761,103.23,3119419.62
1/17/2021,15699,89.54,2944574.99
1/18/2021,10780,95.44,3310445.85
1/19/2021,16905,61.49,3455896.62
1/20/2021,20514,53.11,4421602.1
1/21/2021,16825,52.32,2799721
1/22/2021,10458,57.75,2814503.52
1/23/2021,13257,86.15,3205916.31
1/24/2021,16384,126.14,3933115.57
1/25/2021,12412,124.33,4072115.5
1/26/2021,6369,59.77,2900264.48
1/27/2021,18537,146.19,3605743.28
1/28/2021,11682,64.32,3476258.01
1/29/2021,12706,98.47,4243969.89
1/30/2021,21016,106.49,4201801.84
1/31/2021,11903,143.23,3274369.64
2/1/2021,18383,132,3544107.34
2/2/2021,9957,103.31,3974164.08
2/3/2021,13582,88.45,2646006.72
2/4/2021,14706,104.6,3275831.64
2/5/2021,10325,129.67,3924933.95
2/6/2021,12461,112.73,3126977.77
2/7/2021,14885,60.4,3463275.3
2/8/2021,17683,69.2,3492960.34
2/9/2021,8398,134.21,3001099.67
2/10/2021,13601,97.94,2858229.78
2/11/2021,18026,127.73,3357396.29
2/12/2021,12845,131.82,3249241.89
2/13/2021,15909,79.69,4079154.37
2/14/2021,16969,72.67,4345374.08
2/15/2021,16071,112.04,3499896.57
2/16/2021,17613,87.39,3805540.89
2/17/2021,14509,138.6,3455276.99
2/18/2021,13345,62.55,3941946.48
2/19/2021,4427,65.8,3674519.75
2/20/2021,14628,113.85,3687987.12
2/21/2021,16721,68.61,4211682.14
2/22/2021,17142,116.45,2861528.46
2/23/2021,12779,101.2,4324694.08
2/24/2021,22118,124.16,3770256.29
2/25/2021,16146,83.65,3646322.53
2/26/2021,15505,61.13,3102575.96
2/27/2021,20089,90.23,3384424.92
2/28/2021,12126,104.27,3787832.64
3/1/2021,13199,124.03,2589365.89
3/2/2021,24590,67.26,3075950.22
3/3/2021,15045,108.65,3932107.74
3/4/2021,21534,99.98,3287349.02
3/5/2021,9246,143.64,2957198.79
3/6/2021,14238,141.03,3054401.6
3/7/2021,16514,65.29,3687358.57
3/8/2021,16200,80.73,2649694.58
3/9/2021,10977,119.83,4098867.05
3/10/2021,15077,126.32,2580793.88
3/11/2021,10690,100.99,3140292.38
3/12/2021,17851,72.67,2964634.52
3/13/2021,19339,66.59,2754703.45
3/14/2021,6100,81.61,2820988.89
3/15/2021,19943,54.49,3697981.16
3/16/2021,10036,116.96,3417761.68
3/17/2021,16819,124.63,3282695.2
3/18/2021,17640,74.85,2571426.7
3/19/2021,14200,96.7,2729424.5
3/20/2021,12420,54.43,3409024.47
3/21/2021,15661,59.83,2915587.89
3/22/2021,16755,139.71,2959285.08
3/23/2021,18533,111.51,4184709.63
3/24/2021,6791,114.07,3642389.19
3/25/2021,8454,96.1,2835805.32
3/26/2021,20722,77.97,3163797.61
3/27/2021,19187,144.5,3294362.21
3/28/2021,16741,52.31,3026975.92
3/29/2021,17861,67.73,2872613.22
3/30/2021,18669,147.14,3469461.36
3/31/2021,4356,129.97,4027143.35
4/1/2021,19441,149.97,3680744.34
4/2/2021,13060,76.07,3357186.89
4/3/2021,15922,108.22,3797871.34
4/4/2021,13819,57.23,4057128.5
4/5/2021,18488,130.23,3402059
4/6/2021,13606,138.06,3845356.74
4/7/2021,17074,138.96,2793137.12
4/8/2021,13437,51.13,3320334.62
4/9/2021,10629,74.14,3197274.06
4/10/2021,19840,110.73,3657456.77
4/11/2021,17964,86.27,3776144.05
4/12/2021,21897,120.92,3414848.19
4/13/2021,15261,54.21,2976476.25
4/14/2021,19500,115.72,2889360.75
4/15/2021,22902,73.07,3718953.6
4/16/2021,13874,77.3,4298684.77
4/17/2021,9708,123.32,2964660.79
4/18/2021,14043,67.83,3222269.96
4/19/2021,14144,88.56,3756972.3
4/20/2021,15607,118.44,3106250.67
4/21/2021,21849,91.52,3601601.49
4/22/2021,13695,104.22,3472670.48
4/23/2021,16492,95.52,2970783.63
4/24/2021,14089,62.71,4077721.75
4/25/2021,15082,53.12,4085706.35
4/26/2021,16256,66.57,4173378.7
4/27/2021,20313,129.89,4270007.2
4/28/2021,15485,64.24,3138260.78
4/29/2021,17851,57.44,3166683.51
4/30/2021,18115,52.86,3706214.35
5/1/2021,18659,91.74,3960089.99
5/2/2021,12702,135.4,3254570.13
5/3/2021,21508,83.05,3195145.82
5/4/2021,13476,94.44,3065331.31
5/5/2021,14577,91.35,4333659.74
5/6/2021,20616,85.18,2563614.1
5/7/2021,20176,142.79,3381637.9
5/8/2021,10640,143.01,3538171.32
5/9/2021,11508,78.03,2828881.4
5/10/2021,9568,122.93,3796174.74
5/11/2021,15727,71.68,2599058.66
5/12/2021,15659,144.02,4141009.07
5/13/2021,16456,56.43,2644101.94
5/14/2021,17209,148.87,2578426.06
5/15/2021,12592,71.02,2977986.74
5/16/2021,11025,81.85,3632220.89
5/17/2021,19107,62.18,3044549.18
5/18/2021,18004,108.42,3103199.34
5/19/2021,8963,115.83,3758796.57
5/20/2021,14619,149.62,2829190.18
5/21/2021,11416,69.41,3443527.82
5/22/2021,6717,131.65,3874065.56
5/23/2021,15600,111.95,4368136.2
5/24/2021,14683,148.56,3861542.35
5/25/2021,14611,94.18,4383326.03
5/26/2021,15865,122.42,3843535.14
5/27/2021,18530,57.58,3506525.15
5/28/2021,15822,113.03,2575003.57
5/29/2021,12534,71.46,2763213.63
5/30/2021,12061,141.91,3269515.39
5/31/2021,14473,131.2,4010183.48
6/1/2021,16240,135.61,3266939.93
6/2/2021,10841,131.68,3904544.09
6/3/2021,14263,91.71,2827055.36
6/4/2021,18869,147.75,3302273.59
6/5/2021,14567,99.94,3673409.12
6/6/2021,12206,99.86,3240376.37
6/7/2021,13896,84.35,3594973.06
6/8/2021,19459,56.73,3032778.68
6/9/2021,17200,140.74,3788302.85
6/10/2021,19947,72.11,3447176.17
6/11/2021,15556,79.77,3473087.52
6/12/2021,16641,115.85,2601114.06
6/13/2021,12766,106.66,3030999.6
6/14/2021,17421,147.13,2682456.17
6/15/2021,12975,60.49,2655677.43
6/16/2021,9318,104.38,3146669.03
6/17/2021,15512,141.54,3386745.35
6/18/2021,22783,137.29,3722682.06
6/19/2021,18204,140.45,4202674.44
6/20/2021,19661,127.88,3837487.18
6/21/2021,16435,66.72,4167890.27
6/22/2021,12566,62.14,3124929.71
6/23/2021,14191,61.83,3277601.18
6/24/2021,13907,93.21,4200100.55
6/25/2021,13125,127.74,3509921.78
6/26/2021,17817,140.41,2640914.6
6/27/2021,10211,92.65,2932161.46
6/28/2021,18465,130.95,4165836.61
6/29/2021,18457,96.84,3070094.48
6/30/2021,10206,117.86,3758969.3
7/1/2021,17558,125.87,3519859.74
7/2/2021,24721,118.34,3144997.53
7/3/2021,12771,134.76,3246541.42
7/4/2021,18380,81.16,3800631.68
7/5/2021,11871,68.28,3667865.44
7/6/2021,19443,59.35,4258375.7
7/7/2021,15999,51.48,3357431.8
7/8/2021,21608,140.24,2892595.15
7/9/2021,9164,129.61,3635100.81
7/10/2021,14795,57.78,4006063.82
7/11/2021,12892,60.17,4444475.83
7/12/2021,14211,67.39,3167231.26
7/13/2021,12482,102.87,3264158.12
7/14/2021,11665,123.53,4104722.78
7/15/2021,17315,61.82,4274510.82
7/16/2021,10650,60.34,3040165.79
7/17/2021,20936,105.23,3981446.71
7/18/2021,10255,79.05,3099372.07
7/19/2021,15404,94.04,2873513.79
7/20/2021,17132,61.84,3955873.65
7/21/2021,17347,142.16,3590165.64
7/22/2021,13793,123.26,3798940.95
7/23/2021,15318,96.15,3089427.39
7/24/2021,18845,117.23,4396467.05
7/25/2021,9174,78.85,3981885.95
7/26/2021,11873,116.34,3229656.44
7/27/2021,16282,87.51,4004522.9
7/28/2021,13221,117.09,2766895.64
7/29/2021,20480,91.27,3404149.07
7/30/2021,17693,121.13,4312391.79
7/31/2021,15289,78.11,3365659.36
8/1/2021,8969,123.87,4119026.28
8/2/2021,15104,107.49,3340926.5
8/3/2021,13734,52.45,2572633.2
8/4/2021,14591,86.27,2914458.18
8/5/2021,10274,94.08,3677679.65
8/6/2021,16995,90.34,4324342.71
8/7/2021,10844,104.48,3081136.84
8/8/2021,14095,136.32,3717086.07
8/9/2021,16526,126.57,2872246.02
8/10/2021,11866,56.54,2848107.45
8/11/2021,17332,61.75,2970182.2
8/12/2021,9734,80.98,4302372.26
8/13/2021,3761,80.87,4133864.99
8/14/2021,16860,123.23,3937031.55
8/15/2021,18362,64.15,4212727.79
8/16/2021,13857,147.76,3194391.88
8/17/2021,17017,135.48,4037735.31
8/18/2021,10376,108.39,3667903.13
8/19/2021,14491,139.96,2833484.01
8/20/2021,7234,50.93,2940483.13
8/21/2021,19725,128.46,3547203.24
8/22/2021,22440,140.78,3664914.54
8/23/2021,19296,61.08,3267777.43
8/24/2021,14891,96.58,2857294.03
8/25/2021,14867,117.43,2586966.64
8/26/2021,8936,96.55,3824173.58
8/27/2021,18162,137.5,3286771.52
8/28/2021,14157,90.11,3908169.44
8/29/2021,12373,106.67,2668879.08
8/30/2021,9352,115.37,2753049.89
8/31/2021,13801,78.57,3424164.99
9/1/2021,11604,139.19,2702929.01
9/2/2021,13412,63.87,2597335.56
9/3/2021,10130,105.72,4051353.38
9/4/2021,21750,75.29,4114151.5
9/5/2021,14936,57.36,2841996.91
9/6/2021,19300,126.26,3303798.13
9/7/2021,4593,110.64,2797763.26
9/8/2021,13187,83.3,3746643.68
9/9/2021,12298,140.97,3486341.7
9/10/2021,10108,109,2920057.72
9/11/2021,21186,144.64,2971933.66
9/12/2021,9339,140.23,2827806.27
9/13/2021,16274,88.7,3831925.1
9/14/2021,18386,121.85,3922430.08
9/15/2021,15713,132.73,3789818.36
9/16/2021,11499,141.38,2934120.65
9/17/2021,18765,63.06,2622886.71
9/18/2021,15682,54.44,3896101.77
9/19/2021,10746,148.82,3374505.22
9/20/2021,9448,88.95,3478928.75
9/21/2021,23347,121.11,4176974.36
9/22/2021,12286,102.59,2907603.01
9/23/2021,7578,88.69,4224245.26
9/24/2021,17133,121.86,3202249.26
9/25/2021,16241,138.02,3007273.18
9/26/2021,9585,62.12,3352998.68
9/27/2021,7228,86.71,3799428.48
9/28/2021,14535,128.99,3351900.28
9/29/2021,19558,71.56,2904032.82
9/30/2021,17544,112.07,3296767.67
10/1/2021,13028,87.77,2562550.15
10/2/2021,11663,110.4,3136817.48
10/3/2021,16084,106.45,3845467.54
10/4/2021,15629,119.44,3380371.84
10/5/2021,17519,131.41,3995877.17
10/6/2021,13417,95.37,3865980.5
10/7/2021,18597,87,3969787.69
10/8/2021,11677,132.27,3976211.99
10/9/2021,13678,101.26,2630577.87
10/10/2021,17963,124.16,3512176.22
10/11/2021,18960,134.93,4367345.48
10/12/2021,7246,94.03,3155754.46
10/13/2021,15429,90.59,3843288.7
10/14/2021,17435,135.09,3618117.87
10/15/2021,9197,122.7,3913314.24
10/16/2021,16923,111.51,3303818.12
10/17/2021,11687,120,3046569.36
10/18/2021,19081,124.82,3563900.15
10/19/2021,17154,76.18,3666547.5
10/20/2021,18076,77.62,3368290.77
10/21/2021,15483,69.95,3533003.37
10/22/2021,18455,144.3,3814460.52
10/23/2021,20522,77.11,2970821.88
10/24/2021,22865,99.84,4222519.47
10/25/2021,14886,53.67,4439440.38
10/26/2021,6004,130.17,4332383.08
10/27/2021,15126,90.52,3173598.39
10/28/2021,15822,96.01,2617382.68
10/29/2021,14379,143.12,3550363.98
10/30/2021,17273,88.99,4103573.26
10/31/2021,19043,124.58,4048263.65
11/1/2021,12928,128.36,2761383.89
11/2/2021,13824,70.75,2806221.93
11/3/2021,16591,55.65,3610820.48
11/4/2021,12799,83.15,3957582.67
11/5/2021,15365,118.38,4099755.78
11/6/2021,7153,126.78,4069537.89
11/7/2021,10520,115.3,2870735.17
11/8/2021,9689,143.38,2733175.48
11/9/2021,11586,50.35,2594266.08
11/10/2021,12227,87.84,3878778.96
11/11/2021,16529,114.37,4075919.79
11/12/2021,18928,59.91,3760706.83
11/13/2021,12090,51.51,2829092.76
11/14/2021,11013,64.86,4354081.47
11/15/2021,10833,124.53,3232688.5
11/16/2021,13342,135.27,4394001.57
11/17/2021,14044,82.49,3909640.28
11/18/2021,16934,76.67,4242134.42
11/19/2021,13715,74.35,3756915.67
11/20/2021,6686,145.63,3459667.51
11/21/2021,14634,99.73,2849891.21
11/22/2021,19749,119.45,3103704.11
11/23/2021,19766,141.51,3473042.9
11/24/2021,11844,110.89,3721562.41
11/25/2021,8809,76.26,3483639.29
11/26/2021,24832,141.89,3373818.94
11/27/2021,14350,121.16,3648322.86
11/28/2021,14610,54.38,3126218.95
11/29/2021,16682,113.35,3118545.69
11/30/2021,8544,135.27,2691218.87
12/1/2021,12087,61.91,4085686.93
12/2/2021,8838,145.2,3544823.25
12/3/2021,12228,54.08,3445220.94
12/4/2021,15475,67.06,2991016.84
12/5/2021,9541,52.32,3321724.07
12/6/2021,17360,88.99,2817216.07
12/7/2021,16157,120.93,2833397.51
12/8/2021,11383,115.58,2604625.85
12/9/2021,15905,98.61,4153780.41
12/10/2021,17992,58.07,3604929.33
12/11/2021,19244,146.79,2804734.09
12/12/2021,14149,106.03,4232003.44
12/13/2021,14625,121.69,3956647.21
12/14/2021,14653,78.34,4027832.04
12/15/2021,20766,130.23,3338060.55
12/16/2021,19500,112.92,3195475.94
12/17/2021,18338,140.9,3434248.99
12/18/2021,13851,89.61,3809780.4
12/19/2021,16493,80.83,4060461.42
12/20/2021,16613,123.17,4358859.53
12/21/2021,10833,119.5,3136442.65
12/22/2021,8087,93.53,2848513.71
12/23/2021,17567,130.75,3585882.84
12/24/2021,8883,80.56,4463597.7
12/25/2021,15007,141.46,3191470.1
12/26/2021,16001,112.98,4224905.77
12/27/2021,17255,127.72,3325188.35
12/28/2021,15758,121.71,3157076.27
12/29/2021,12069,116.32,3008915.35
12/30/2021,18945,120.31,3348890.45
12/31/2021,21955,69.26,4369692.62
1/1/2022,18525,109.81,3736030.15
1/2/2022,7225,126.72,3866893.96
1/3/2022,20598,73.64,4081651.97
1/4/2022,14776,119.16,4429356.9
1/5/2022,17100,59.22,4046858.81
1/6/2022,17488,123.7,2698945.24
1/7/2022,14613,144.47,2840405.98
1/8/2022,14699,116.41,2659143.5
1/9/2022,19077,116.74,2556203.09
1/10/2022,17846,92,4277666.26
1/11/2022,18961,63.8,3146776.64
1/12/2022,24532,96.94,3802928.64
1/13/2022,17658,59.38,4238848.99
1/14/2022,15830,125.41,3134591.08
1/15/2022,6157,86.63,3406254.04
1/16/2022,25767,106.81,3771077.85
1/17/2022,13069,88.3,3680020.34
1/18/2022,24499,70.32,2971878.38
1/19/2022,16499,103.53,4021098.57
1/20/2022,21154,88.58,3905852.1
1/21/2022,14561,136.23,3291763.72
1/22/2022,17046,59.36,2764036.38
1/23/2022,15856,56.34,3962124.36
1/24/2022,14256,66.68,4319167.34
1/25/2022,14518,143.57,4305772.01
1/26/2022,19051,94.25,4099600.78
1/27/2022,14194,117.44,3153952.85
1/28/2022,6849,53.61,3121585.73
1/29/2022,14216,96.84,3084803.93
1/30/2022,17159,54.57,3203296.77
1/31/2022,17466,112,4008353.71
2/1/2022,17466,136.49,3702654.22
2/2/2022,8232,69.59,2612675.89
2/3/2022,16475,78.21,2612101.92
2/4/2022,18871,136.52,3491565.96
2/5/2022,20106,53.2,3623062.02
2/6/2022,14100,128.24,2572124.18
2/7/2022,13712,95.51,2948431.88
2/8/2022,20951,58.01,3530042.36
2/9/2022,8328,140.68,4328383.52
2/10/2022,13253,68.9,2594230.92
2/11/2022,16830,124.61,2752316.88
2/12/2022,8529,93.16,2819965.33
2/13/2022,16119,117.05,3642244.63
2/14/2022,22511,68.75,3757087
2/15/2022,14984,138.17,3268262.73
2/16/2022,13886,54.89,2654294.15
2/17/2022,16900,72.02,3057614.9
2/18/2022,13884,76.18,3102416.62
2/19/2022,18254,126.72,3355365.43
2/20/2022,18618,88.6,4365884.45
2/21/2022,15011,77.86,3029113.84
2/22/2022,10293,57.76,3567177.23
2/23/2022,9727,100.03,3011898.19
2/24/2022,12628,95.15,2757650.8
2/25/2022,18190,148.66,3963756.46
2/26/2022,7167,64.21,2832811.7
2/27/2022,7455,133.38,4460034.01
2/28/2022,12385,52.95,3579577.99
3/1/2022,16578,127.88,3554980.33
3/2/2022,11346,72.87,3458225.18
3/3/2022,18547,63.39,4403570.29
3/4/2022,16333,69.06,3981052.73
3/5/2022,14317,71.59,3319343.03
3/6/2022,18275,143.42,2785065.59
3/7/2022,16553,148.88,2838077.32
3/8/2022,13216,81,2965864.07
3/9/2022,15924,63.71,4251262.83
3/10/2022,17590,116.1,3365552.64
3/11/2022,16425,108.49,2981626.85
3/12/2022,12368,84.41,4056092.02
3/13/2022,18421,131.4,4295111.28
3/14/2022,19612,78.32,3018392.97
3/15/2022,16105,134.58,3180144.65
3/16/2022,15576,63.7,3767504.15
3/17/2022,14697,136.19,3505300.92
3/18/2022,23646,56.71,3810959
3/19/2022,16105,93.52,4383226.89
3/20/2022,14367,118.01,3462918.32
3/21/2022,4968,70.58,3297444.4
3/22/2022,8739,144.25,3865595.07
3/23/2022,14689,87.93,3471337
3/24/2022,15825,112.62,3958638.93
3/25/2022,16107,68.35,3339400.22
3/26/2022,18286,115.92,3836879.98
3/27/2022,14223,123.47,2664809.7
3/28/2022,19858,99.57,3519616.15
3/29/2022,11314,136.87,3131658.32
3/30/2022,10166,133.18,2775778.37
3/31/2022,10084,148.33,3202335.02
4/1/2022,17969,116.69,3786628.94
4/2/2022,14668,114.29,3579410.74
4/3/2022,18159,54.51,3998978.24
4/4/2022,13929,69.08,4134154.03
4/5/2022,12632,53.26,4076110.78
4/6/2022,13527,134.72,3265508.3
4/7/2022,7590,92.45,2728209.08
4/8/2022,10322,131.72,3297714.04
4/9/2022,9232,65.17,4234272.35
4/10/2022,19217,90.58,3416471.25
4/11/2022,12611,122.25,2649202.04
4/12/2022,18158,55.96,3869640.26
4/13/2022,21066,83.03,3721375.47
4/14/2022,14233,127.68,3211097.55
4/15/2022,16136,134.05,3640714.51
4/16/2022,7996,137.06,4302469.64
4/17/2022,11725,145.3,4280460.05
4/18/2022,15225,88.4,3172304.9
4/19/2022,16196,145.06,3517143.27
4/20/2022,11962,120.41,2691646.97
4/21/2022,25739,92.2,2998693.73
4/22/2022,13166,89.13,4423300.81
4/23/2022,15257,71.06,4337636.88
4/24/2022,17599,125.25,3335468.09
4/25/2022,14896,94.51,3019633.51
4/26/2022,12426,95.33,2716358.44
4/27/2022,19181,58.33,4433941.52
4/28/2022,21462,86.52,3596337.15
4/29/2022,14881,139.5,3080786.79
4/30/2022,17249,104.44,4197079.45
5/1/2022,14610,53.08,2811837.57
5/2/2022,19066,88.84,4018609.24
5/3/2022,10375,61.34,4322812.39
5/4/2022,24283,77.73,3349692.88
5/5/2022,12586,121.95,4325606.53
5/6/2022,9165,87.6,3967245.6
5/7/2022,13596,113.45,3027877.59
5/8/2022,15587,99.67,3924571.32
5/9/2022,21494,130.75,3012424.58
5/10/2022,18645,108.22,3119838.4
5/11/2022,15570,67.2,4046160.87
5/12/2022,9442,143.73,3159067.32
5/13/2022,11536,55.38,3490349.7
5/14/2022,14347,58.72,4171053.44
5/15/2022,25212,134.16,2770176.22
5/16/2022,7559,92.09,4360111.26
5/17/2022,19524,121.75,4426613.74
5/18/2022,12891,123.62,3950275.23
5/19/2022,21664,148.75,3821866.98
5/20/2022,10443,146.1,3144954.27
5/21/2022,15574,64.18,3869354.77
5/22/2022,10602,116.5,3141205.82
5/23/2022,18614,53.32,3726031.58
5/24/2022,20935,99.45,3023148.74
5/25/2022,22803,129.14,4054049.26
5/26/2022,18190,87.92,3997707.57
5/27/2022,22373,144.83,4261328.14
5/28/2022,19986,116.07,4420584.82
5/29/2022,14473,93.28,3047719.54
5/30/2022,16908,133.87,4146410.36
5/31/2022,11112,130.47,2698902.2
6/1/2022,14259,92.71,3171488.48
6/2/2022,19884,82.94,4136389.41
6/3/2022,17165,106.5,2992486.06
6/4/2022,16829,136.12,3767760.59
6/5/2022,10847,108.59,2904064.65
6/6/2022,12582,114.51,3232542.98
6/7/2022,11942,126.71,3477857.11
6/8/2022,16581,119.29,3069092.81
6/9/2022,11038,136.68,2601450.59
6/10/2022,17248,59.47,3692810.25
6/11/2022,10534,110.99,3858440.72
6/12/2022,22314,74.09,3613067.62
6/13/2022,16842,96.96,3150144.45
6/14/2022,12196,78.39,4113812.63
6/15/2022,15964,141.84,4196852.35
6/16/2022,13590,89.97,2568854.91
6/17/2022,16485,106.53,4216443.84
6/18/2022,15974,58.09,2623918.56
6/19/2022,10944,144.27,3251023.83
6/20/2022,11835,123.58,2807859.22
6/21/2022,16198,97.53,3057894.49
6/22/2022,21556,68.18,4286201.15
6/23/2022,19338,123.04,3898512.03
6/24/2022,12502,111.46,3871341.1
6/25/2022,18304,56.1,2588088.53
6/26/2022,14806,55.33,3657951.75
6/27/2022,16205,95.53,3959289.62
6/28/2022,16041,68.1,4093471.34
6/29/2022,25302,99.13,2868221.88
6/30/2022,10259,148.19,4132505.32
7/1/2022,15404,72.41,2707946.79
7/2/2022,7880,121.25,4387449.47
7/3/2022,17359,65.01,2958248.9
7/4/2022,19386,102.57,4040846.03
7/5/2022,20783,132.85,3747721.55
7/6/2022,7299,62.69,2827146.78
7/7/2022,16651,131.97,4224341.83
7/8/2022,21373,74.6,3534481.01
7/9/2022,13344,59.7,4070639.96
7/10/2022,14151,66.37,3674293.55
7/11/2022,14854,116.44,4097438.07
7/12/2022,16460,117.74,3525553.42
7/13/2022,17661,63.3,4212631.89
7/14/2022,20271,147.95,3245540.4
7/15/2022,14618,64.66,3893720.33
7/16/2022,15785,144.18,3791309.19
7/17/2022,24952,120.04,4084398.39
7/18/2022,16724,106.8,3063585.09
7/19/2022,15755,74.63,3643970.25
7/20/2022,9631,84.09,3089645.76
7/21/2022,15011,133.98,4118090.95
7/22/2022,14115,142.15,3053782.99
7/23/2022,14956,101.54,4386347.86
7/24/2022,12698,138.81,4055149.59
7/25/2022,12253,120.41,3498533.25
7/26/2022,12117,92.38,4248051.15
7/27/2022,14142,80.03,3444485.38
7/28/2022,20473,146.34,3917393.73
7/29/2022,19196,62.48,3894322.26
7/30/2022,13560,118.03,3822640.27
7/31/2022,8256,131.98,3078986.21
8/1/2022,11622,71.63,2753918.67
8/2/2022,13169,109.41,2640662.51
8/3/2022,15415,66.17,3172305.29
8/4/2022,12350,90.55,3992536.19
8/5/2022,23027,73.89,3328200.22
8/6/2022,13911,102.76,2771000.41
8/7/2022,10144,117.1,4436288.6
8/8/2022,14435,140.76,4004081.67
8/9/2022,10978,83.28,4416637.42
8/10/2022,15625,74.25,4250564.06
8/11/2022,15935,81,3069687.83
8/12/2022,16422,72.68,3203140.1
8/13/2022,8513,62.3,2695238.81
8/14/2022,15883,76.78,4026724.78
8/15/2022,16242,142.37,4366042.74
8/16/2022,9316,55.65,2893954.7
8/17/2022,18821,100.15,2771427.62
8/18/2022,18137,129.38,4104818.4
8/19/2022,24198,133.79,2675834.13
8/20/2022,15627,107.63,4413695.5
8/21/2022,15187,74.19,3923160.89
8/22/2022,15386,108.21,2634650.8
8/23/2022,15279,63.75,3774423.61
8/24/2022,7606,98.27,3589166.44
8/25/2022,8315,59.37,2564987.78
8/26/2022,14690,80.5,3477047.56
8/27/2022,12676,117.67,3085076.35
8/28/2022,15219,70.51,2910797.5
8/29/2022,6555,89.49,3689561.81
8/30/2022,9005,130.29,4088147.41
8/31/2022,10594,72.83,4385453.07
9/1/2022,18944,57.69,2560111.26
9/2/2022,10606,127.82,4028544.15
9/3/2022,11802,117.01,2878259.43
9/4/2022,15319,101.11,4229098.35
9/5/2022,13709,71.4,3767919.53
9/6/2022,15586,68.77,4323914.29
9/7/2022,24220,111.11,2684197.91
9/8/2022,10502,53.87,3871836.59
9/9/2022,13778,72.94,3731146.35
9/10/2022,12933,132.39,4183970.12
9/11/2022,21050,80.04,3334044.98
9/12/2022,11922,51.61,4224245.86
9/13/2022,14672,146.16,3180125.07
9/14/2022,18149,58.77,3191037.19
9/15/2022,10766,124.8,3528376.94
9/16/2022,21621,133.6,2824702.95
9/17/2022,17703,51.6,3172115.88
9/18/2022,10703,135.29,4210483.51
9/19/2022,16818,105.03,4371669.02
9/20/2022,14147,83.97,4212232.36
9/21/2022,16253,82.57,3194084.76
9/22/2022,14640,113.92,3748134.25
9/23/2022,19282,62.78,3584082.88
9/24/2022,9596,81.11,2751075.53
9/25/2022,12910,108.31,3703401.46
9/26/2022,14003,125.92,2944152.68
9/27/2022,11017,105.17,2828439.71
9/28/2022,10840,118.78,4017988.11
9/29/2022,14928,87.13,3010391.09
9/30/2022,14471,140.67,3399387.11
10/1/2022,4803,147.57,2867999.27
10/2/2022,19162,126.61,3551695.53
10/3/2022,15999,51.23,3870292.02
10/4/2022,24665,102.26,3877173.17
10/5/2022,17741,129.9,2822122.1
10/6/2022,13212,70.75,4266583.71
10/7/2022,26190,88.63,4336379.53
10/8/2022,26329,104.24,3787281.14
10/9/2022,10125,124.43,3628752.36
10/10/2022,16876,83.33,3567998.32
10/11/2022,14155,82.49,3703503.22
10/12/2022,15748,92.37,3789781.88
10/13/2022,15910,77.63,3613150.1
10/14/2022,9952,112.61,3974842.96
10/15/2022,16142,54.36,3257352.46
10/16/2022,21997,110.65,4218374
10/17/2022,14344,91.7,3480233.14
10/18/2022,14348,54.36,2627737.62
10/19/2022,20594,149.34,3432981.97
10/20/2022,18594,112.66,3839298.7
10/21/2022,8406,133.88,4256718.22
10/22/2022,15914,89.71,3554947.46
10/23/2022,21614,145.31,2602119.32
10/24/2022,20661,87.84,3512689.4
10/25/2022,16680,131.99,2772536.39
10/26/2022,17885,50.72,2866864.57
10/27/2022,10212,137.37,2843949.51
10/28/2022,16201,57.39,2957920.01
10/29/2022,11182,131.67,4221501.5
10/30/2022,13168,108.6,2940230.9
10/31/2022,18742,118.27,3184209.56
11/1/2022,10452,121.42,3648839.35
11/2/2022,16068,78.01,4108788.18
11/3/2022,16713,117.35,3035247.28
11/4/2022,15220,79.7,2943103.99
11/5/2022,22289,107.1,3130055.51
11/6/2022,10911,55.47,2782933.68
11/7/2022,17425,84.76,4123819.55
11/8/2022,14644,99.77,2579860.78
11/9/2022,13957,103.17,3124011.41
11/10/2022,16856,131.58,2695114.69
11/11/2022,10918,101.03,2600206.74
11/12/2022,9746,134.89,3530879.7
11/13/2022,13022,109.42,4347340.61
11/14/2022,22007,103.79,4368266.89
11/15/2022,15223,112.7,3100923.02
11/16/2022,16326,79.2,3016939.8
11/17/2022,14241,106.72,3117032.72
11/18/2022,16882,149.95,4008902.56
11/19/2022,11193,142.05,2561968.32
11/20/2022,19632,126.93,3696221.58
11/21/2022,17339,134.37,3207621.88
11/22/2022,11774,142.23,2989266.39
11/23/2022,15218,110.08,2594915.18
11/24/2022,17865,86.78,3352938.66
11/25/2022,17231,124.7,2646873.16
11/26/2022,20928,98.49,3497311.75
11/27/2022,12548,50.48,2906893.54
11/28/2022,19465,117.31,3544355.96
11/29/2022,19146,90.36,3848930.54
11/30/2022,14350,145.32,3140023.83
12/1/2022,11096,63.44,2845408.88
12/2/2022,10643,87.77,3069457.86
12/3/2022,16831,139.99,3034826.41
12/4/2022,14715,130.33,2681544.31
12/5/2022,22116,100.64,2968320.9
12/6/2022,17141,51.81,3362236.1
12/7/2022,13512,75.03,3341737.67
12/8/2022,10898,80.6,3756148.83
12/9/2022,12670,116.17,4278045.02
12/10/2022,16372,59.82,3759133.19
12/11/2022,13196,146.53,4332018.95
12/12/2022,17057,136.72,3046800.43
12/13/2022,13663,78.49,4296800.8
12/14/2022,14578,93.47,3936867.49
12/15/2022,12078,84.09,2775340.27
12/16/2022,22620,84.81,3808006.84
12/17/2022,16330,80.42,2758549.29
12/18/2022,15923,141.45,4137250.16
12/19/2022,8233,78.36,3116029.11
12/20/2022,17639,136.78,3330373.24
12/21/2022,10906,131.67,3027435.69
12/22/2022,11434,68.46,2929168.2
12/23/2022,18673,72.72,4381086.17
12/24/2022,13189,116.56,4158522.71
12/25/2022,8007,96.81,3987939.84
12/26/2022,22080,60.96,3565163.67
12/27/2022,5490,64.56,4024318.11
12/28/2022,17291,81.72,3979695.36
12/29/2022,19069,110.72,4361859.48
12/30/2022,12476,144.7,4087695.05
